SampleID,Faecalibacterium_prausnitzii,Roseburia_intestinalis,Blautia_obeum,Ruminococcus_bromii,Coprococcus_eutactus,Butyrivibrio_fibrisolvens,Subdoligranulum_variabile,Lachnospiraceae_NK4A136,Ruminococcus_gnavus,Erysipelatoclostridium,Streptococcus_salivarius,Bacteroides_uniformis,Bacteroides_vulgatus,Prevotella_copri,Bacteroides_fragilis,Alistipes_putredinis,Muribaculaceae,Bacteroides_thetaiotaomicron,Escherichia_Shigella,Pseudomonas,Sutterella,Helicobacter,Fusobacterium_nucleatum,Bifidobacterium_longum,Bifidobacterium_adolescentis,Collinsella_aerofaciens,Clostridium_leptum,Peptostreptococcus,Dorea_formicigenerans,Ruthenibacterium,Eubacterium_hallii,Eubacterium_siraeum,Fusicatenibacter,Lactobacillus_reuteri,Anaerostipes_hadrus,Akkermansia_muciniphila,Bacteroides_ovatus
CTRL_000,1237,367,934,2313,158,138,1376,402,78,220,43,286,673,23,13,109,46,479,15,5,320,20,30,30,70,144,27,116,47,59,77,1650,74,14,477,32,294
CTRL_001,57,100,713,1107,400,234,142,25,79,77,519,1274,58,744,126,134,649,1876,290,15,38,63,154,161,167,38,37,307,1052,116,1043,294,44,147,1865,243,2815
CTRL_002,11,1010,306,129,179,9,80,162,857,36,19,195,1240,374,52,353,158,859,15,16,17,3,30,227,109,64,14,27,49,21,102,156,759,57,155,115,11
CTRL_003,496,405,9899,175,279,153,25,567,361,260,19,3262,56,625,2703,50,73,296,23,3,38,5,44,51,1102,34,73,179,16,102,927,11,82,74,376,26,29
CTRL_004,1088,574,455,378,72,226,193,43,1745,170,13,1168,104,841,649,65,628,467,147,414,25,8,7,59,115,169,172,185,95,579,105,4723,154,16,29,297,136
CTRL_005,646,333,131,32,10,40,193,71,10,50,54,61,229,137,12,152,162,541,92,2,4,22,22,174,12781,106,259,100,105,22,199,16,21,12,65,1754,6
CTRL_006,424,12,51,331,63,11,15,93,14,37,23,58,2535,210,2,82,20,267,5,8,22,24,1,36,20,13,426,32,5,85,913,138,2,8,233,17,107
CTRL_007,2484,166,472,4,71,183,36,1835,28,76,134,5616,88,2283,208,83,499,555,32,51,33,44,94,2751,36,3328,12,75,340,180,101,126,51,37,675,400,113
CTRL_008,1797,567,973,547,57,72,355,266,121,100,407,198,853,205,92,924,504,797,282,29,88,15,36,151,143,235,36,1061,22,13,746,309,149,123,123,42,202
CTRL_009,558,4076,717,202,327,799,160,101,496,338,95,662,1551,101,49,205,333,1114,1011,266,77,62,16,499,235,453,101,331,2190,179,731,757,100,197,359,477,174
CTRL_010,467,654,2102,768,3268,48,374,130,2365,24,19,173,18,115,38,217,226,3118,152,11,9,40,3,2083,575,47,9,334,68,369,14,39,56,48,59,312,36
CTRL_011,332,347,510,488,30,15,593,144,35,593,64,1880,347,3875,1158,111,492,501,245,6,71,79,2,28,6,56,246,369,80,573,17,7,46,69,95,6,127
CTRL_012,28,324,179,21,30,12,39,149,11,59,11,51,118,22,20,13,856,92,6,13,10,6,18,180,20,16,27,1,4,172,508,25,48,27,3198,243,52
CTRL_013,370,107,1146,217,68,177,76,3327,1185,232,1493,1397,329,6346,733,128,336,207,18,287,1362,9,138,202,174,123,94,168,78,298,380,202,48,63,993,822,128
CTRL_014,1218,2192,63,1008,149,733,89,19,27,189,203,266,2016,55,236,76,132,566,28,34,289,21,152,78,544,1596,7,39,423,115,515,91,146,85,1329,437,605
CTRL_015,593,385,352,814,208,492,4713,794,163,945,79,54,200,41,158,421,3431,834,69,187,3,65,138,47,1279,339,131,284,4505,197,431,111,39,337,78,337,192
CTRL_016,554,326,740,62,69,22,37,107,200,13,128,1680,393,2090,23,19,7,1150,63,15,28,3,386,121,81,156,123,43,17,79,1141,373,322,14,17,69,109
CTRL_017,2113,31,2375,163,89,34,11,321,124,13,10,254,3675,169,14,126,97,5,38,18,81,270,98,111,24,3352,110,52,78,87,108,41,26,44,52,49,188
CTRL_018,243,2063,5,712,708,6,53,46,12,20,10,3594,1002,1100,233,28,52,345,6,52,17,9,42,230,51,353,17,92,142,33,159,12,155,27,41,436,46
CTRL_019,124,73,1273,66,3698,15,2343,266,190,69,208,752,3249,558,269,208,256,686,7,8,168,50,31,325,355,84,67,130,40,228,24,753,211,128,863,2651,1311
CTRL_020,43,68,145,261,416,64,180,44,59,13,21,76,113,1322,37,8791,352,367,15,84,17,30,908,176,693,42,120,752,42,1036,441,52,168,221,331,18,73
CTRL_021,788,725,1624,635,61,591,641,542,1237,597,283,898,85,1085,364,634,58,123,433,59,193,52,52,1474,132,255,130,67,129,220,165,1293,39,86,147,2442,522
CTRL_022,1635,35,342,595,154,533,46,616,2356,39,28,2622,2738,99,52,101,18,53,8,7,24,24,150,34,374,57,80,110,14,95,141,154,71,1200,39,53,57
CTRL_023,58,37,406,408,20,12,59,13,75,28,2,975,1208,28,18,73,62,158,186,5,3,1,2,43,379,12,38,14,118,624,17,13,66,33,408,82,27
CTRL_024,1491,2225,1257,590,1033,1043,1104,359,126,134,471,185,850,201,166,1519,265,348,9,103,107,599,19,315,226,1187,127,107,272,122,101,171,358,16,192,71,1236
CTRL_025,77,215,676,2594,211,93,2220,19,7,201,43,139,1367,489,72,42,688,810,50,481,10,3,11,218,224,93,237,13,875,84,900,211,151,145,298,463,1491
CTRL_026,1050,1554,430,2661,110,3087,184,24,233,51,345,284,332,30,103,10,27,1156,213,80,14,33,35,56,1599,545,130,92,190,7,163,61,24,54,2414,565,127
CTRL_027,964,2215,964,209,62,358,183,336,257,313,27,2430,443,4213,40,1910,177,87,20,15,52,40,9,149,2121,971,177,51,91,147,30,60,5,76,262,64,1392
CTRL_028,155,80,719,1655,3229,141,951,181,165,494,286,84,5283,3165,88,582,534,619,35,19,55,197,82,182,619,3,954,8,92,26,41,873,55,140,197,484,340
CTRL_029,67,1181,124,20,79,1031,326,55,61,43,990,615,576,915,138,110,96,183,34,62,29,50,16,161,6,293,146,182,1,1090,96,383,12,96,23,49,2102
CTRL_030,385,493,1040,448,221,261,3558,103,163,365,315,2357,957,54,1211,39,239,88,41,44,53,40,214,338,87,388,591,10,206,194,96,691,50,60,97,149,39
CTRL_031,32,1632,45,27,4,31,9,537,244,15,757,852,120,4,1464,13,8,507,656,94,36,25,36,249,88,56,49,9,29,3,61,12,6,31,416,253,10
CTRL_032,76,824,47,99,235,24,87,10,32,80,4,503,231,353,102,802,113,84,32,36,22,14,5,43,10,708,12,13,20,154,58,350,15,45,23,1778,21
CTRL_033,331,376,234,74,64,71,43,184,1158,16,4,169,6179,37,520,874,31,238,186,7,11,4,2,31,9,45,16,33,4,49,199,3,44,120,10,645,137
CTRL_034,137,246,492,182,278,32,114,11,77,17,18,1848,1320,461,20,92,626,225,842,36,32,11,20,106,243,281,27,6,5,108,23,4,78,1208,89,344,147
CTRL_035,440,1322,206,327,282,62,496,88,43,179,19,468,388,1233,240,190,494,1771,98,29,5,5,15,77,95,109,236,51,178,80,9,27,51,9,286,1246,990
CTRL_036,569,4467,577,213,116,156,109,216,235,128,189,3612,2255,51,5,1104,35,280,13,3,109,99,15,7,87,266,22,110,134,249,262,39,501,61,181,60,147
CTRL_037,166,325,3843,37,21,1397,104,50,600,41,984,1315,225,6259,60,629,271,1771,453,33,13,48,10,3411,169,69,165,10,26,444,66,26,148,301,383,667,71
CTRL_038,30,1295,85,69,500,149,101,1009,22,134,32,284,1449,238,114,383,41,34,5,1,260,2,7,53,82,137,163,11,31,47,45,416,53,61,136,327,100
CTRL_039,147,1142,222,192,730,1592,228,310,2395,211,4602,1773,60,1384,377,2139,722,372,14,37,18,18,92,3329,384,34,374,536,68,108,267,60,274,76,398,75,174
CTRL_040,970,151,2419,90,172,405,12,7,10,344,22,11268,125,244,747,2276,1968,958,132,45,70,7,5,125,68,37,208,149,71,403,21,54,16,3,77,86,1044
CTRL_041,1314,94,4450,1334,436,123,35,72,610,1267,628,244,88,353,11,332,137,141,5,62,17,5,0,186,1587,1112,64,26,186,19,239,317,370,47,100,46,61
CTRL_042,360,597,1086,71,1421,105,117,39,4,284,185,297,423,543,14,92,468,43,66,4,63,21,2,898,43,32,146,274,21,78,260,261,77,30,38,161,39
CTRL_043,6,499,812,6,32,278,1634,86,33,48,343,135,95,102,24,173,1135,295,23,14,3,57,15,104,8011,114,29,23,333,63,14,272,18,517,416,58,801
CTRL_044,623,1350,682,77,82,745,87,72,36,171,1356,113,456,2182,124,415,40,516,39,125,199,945,57,318,182,69,202,42,127,518,40,559,438,48,7,70,1238
CTRL_045,677,125,211,1008,534,156,102,90,47,1118,59,3414,4573,1508,93,478,210,99,98,7,246,16,41,369,119,318,80,263,19,120,3048,34,33,144,220,330,493
CTRL_046,1155,1622,515,151,433,2112,96,27,547,67,3,1383,175,223,185,241,399,129,87,18,89,50,6,772,55,294,177,692,62,42,134,62,178,5,27,31,639
CTRL_047,3723,212,164,166,614,29,116,295,167,74,184,7,682,72,6,270,723,140,115,180,143,150,43,134,9,48,23,788,47,58,212,72,445,14,109,35,19
CTRL_048,409,660,322,162,48,267,29,620,264,21,83,298,1170,3352,17,440,239,1232,115,19,41,14,193,353,3369,177,79,13,14,15,404,392,13,337,120,341,3269
CTRL_049,2779,393,139,17,103,183,49,146,216,96,43,891,1143,92,1395,268,253,1067,98,167,79,15,58,57,225,151,131,73,10,53,261,198,23,466,58,889,512
CTRL_050,101,2165,29,402,360,30,429,39,91,60,28,690,590,12,379,9,330,604,5,8,4,8,7,264,382,352,25,21,4,12,278,479,5,11,59,107,29
CTRL_051,1589,327,526,838,315,148,184,172,128,102,1097,1711,451,1242,134,1764,458,378,146,5,12,7,48,3529,4878,429,393,8,73,42,106,139,55,5,611,56,436
CTRL_052,8215,90,8,134,748,2173,20,201,57,65,2434,49,500,462,503,201,216,130,58,15,72,12,34,154,533,84,8,293,23,26,57,617,3,3642,483,178,148
CTRL_053,1226,1232,1240,795,331,194,163,139,983,315,2,1831,840,427,117,1543,964,139,129,12,8,15,122,1110,412,454,376,37,268,364,683,869,271,134,899,229,85
CTRL_054,420,134,125,191,62,107,9,158,129,28,177,1742,43,97,44,55,524,201,32,2,86,4,26,277,866,17,2,76,1166,432,204,53,200,13,251,309,827
CTRL_055,12258,322,77,110,8,30,35,27,78,14,165,229,198,87,78,318,24,51,15,2,5,6,39,132,82,169,47,49,40,54,33,2,26,189,230,287,516
CTRL_056,1406,1183,320,355,1046,2085,250,147,304,480,22,44,447,120,149,393,205,4746,174,105,198,11,237,397,776,55,31,434,374,51,106,1201,29,1239,86,877,279
CTRL_057,1004,146,210,203,38,379,51,70,26,2,44,11241,1007,224,73,173,289,41,183,65,79,35,20,394,242,53,43,55,671,11,16,109,57,55,148,91,1236
CTRL_058,72,154,360,30,189,2168,171,209,29,48,54,388,3185,793,35,374,425,1680,553,9,15,5,22,465,663,122,97,94,38,1833,21,176,1414,69,128,119,188
CTRL_059,1456,7,1114,13,52,36,119,5,99,604,4,247,66,206,53,34,131,1332,14,32,2,2,18,605,86,27,47,4,88,106,33,22,38,12,47,1164,54
CTRL_060,358,172,1023,204,85,1169,1054,57,11,403,30,1588,29,1099,26,639,187,78,30,86,46,60,418,24,1390,137,37,10,81,310,143,980,9,58,25,284,727
CTRL_061,304,10,442,448,343,961,30,315,711,8,114,240,380,475,68,83,179,60,11,79,7,62,47,17,52,583,31,32,186,237,111,47,490,625,527,178,63
CTRL_062,57,273,200,576,161,7,194,10,26,43,397,12593,331,75,94,245,36,1124,22,20,31,15,26,27,20,8,75,60,61,274,52,93,5,11,118,173,43
CTRL_063,1259,120,516,2151,1107,873,365,312,135,617,335,2463,518,36,1580,277,129,1837,71,341,220,161,9,2700,490,166,378,13,438,48,61,33,808,58,2912,190,45
CTRL_064,155,3005,362,152,328,463,862,1245,109,19,55,944,149,103,292,268,240,128,47,11,171,140,2,71,22,59,146,11,36,26,285,163,33,94,84,146,2730
CTRL_065,1239,22,370,262,14,186,399,9,13,131,37,365,238,175,7,320,303,69,16,1,26,19,8,325,29,84,10,20,26,38,33,32,74,10,5,634,466
CTRL_066,129,1492,238,505,422,176,64,66,53,41,95,257,1589,3365,85,428,492,761,78,124,103,6,118,968,66,166,455,65,628,3109,76,23,147,216,139,1738,43
CTRL_067,1382,162,3554,3788,64,76,427,68,120,90,5,457,155,140,966,35,509,177,31,88,56,52,90,117,54,23,37,3614,532,11,24,206,138,113,90,127,295
CTRL_068,385,11,151,46,155,6941,140,49,303,112,82,710,4728,37,162,36,231,47,17,13,89,55,3,131,31,12,56,25,1815,90,14,31,174,636,9,7,1667
CTRL_069,1229,153,920,8,254,351,635,38,196,32,136,181,313,94,433,921,160,376,8,26,44,1241,7,1966,703,211,1856,133,218,95,1141,661,36,11,131,67,232
CTRL_070,2200,148,224,188,454,5,41,116,510,33,4,823,124,39,40,117,52,9,121,129,65,4,13,137,220,198,31,48,131,431,301,235,53,280,169,34,987
CTRL_071,2398,351,282,608,614,370,341,2168,989,197,450,189,1226,6063,163,107,113,98,27,30,8,41,142,90,1852,369,849,40,531,28,907,230,239,17,63,602,85
CTRL_072,1382,77,1447,57,557,540,67,363,254,57,23,41,917,43,202,194,582,237,40,112,77,50,62,30,509,341,39,57,122,86,333,1072,401,12,422,1341,441
CTRL_073,894,2346,497,122,298,74,49,26,424,10,221,347,21,173,3,181,209,42,21,166,6,2,69,1077,48,160,282,8,17,157,594,85,7,314,23,35,111
CTRL_074,3874,1050,480,374,166,299,3,65,151,15,101,294,3994,2121,56,138,123,117,51,8,6,47,47,51,376,36,139,154,75,120,62,67,40,15,84,15,79
CTRL_075,787,592,511,478,816,1241,115,48,67,99,96,355,149,330,369,1049,167,329,28,62,24,116,4,252,437,303,11306,213,51,148,28,209,45,422,133,288,171
CTRL_076,5284,213,3682,643,323,241,196,7,77,252,58,58,335,2684,649,165,546,139,4,7,275,14,15,108,1628,902,2299,41,125,8,1058,18,77,10,50,41,70
CTRL_077,353,252,1475,71,364,1287,90,61,133,653,132,318,1151,86,477,518,152,116,19,88,280,14,63,14,81,144,47,23,52,163,167,7,5,32,349,5,133
CTRL_078,37,395,28,59,34,1,56,24,39,3183,1,778,41,62,18,17,11,62,1,12,3,1,2,162,9,26,6,25,36,150,18,40,11,48,7,64,21
CTRL_079,190,171,181,79,100,591,202,156,27,10,106,631,1274,48,37,8,37,420,10,28,11,15,2,83,1,32,5,125,110,58,506,11,294,77,37,295,16
CTRL_080,263,257,244,85,1647,181,335,84,16,203,8,675,96,7200,732,377,1525,128,159,61,81,221,104,445,20,44,156,106,31,3533,2017,388,113,62,54,269,426
CTRL_081,63,415,177,11,38,63,1238,175,14,119,6,1458,145,169,564,23,16,80,137,2,0,9,35,688,46,41,403,3,37,68,195,35,46,1,35,196,32
CTRL_082,1238,1539,431,643,105,266,655,316,123,260,413,57,4492,380,506,2370,52,211,68,21,862,15,23,540,52,131,395,79,178,78,40,358,1626,117,382,869,69
CTRL_083,5680,502,3144,83,2374,482,278,162,90,469,85,30,85,215,198,188,898,17,57,2,101,20,42,56,768,450,264,49,210,28,501,1055,287,19,212,25,415
CTRL_084,940,26,60,150,117,29,211,158,93,29,290,4515,198,113,243,118,128,705,3,176,37,13,20,169,11,811,118,103,337,17,280,69,200,3,106,62,326
CTRL_085,894,124,104,176,47,468,67,2,67,18,6,73,420,1586,175,77,273,122,16,5,3,12,26,144,63,25,241,8,244,16,47,12,28,181,233,526,342
CTRL_086,143,304,137,1914,44,727,570,1925,92,302,2174,250,61,26,443,19,123,617,77,67,61,178,8,92,55,427,524,140,623,19,1993,1128,229,810,16,93,85
CTRL_087,2523,153,1622,2782,865,425,56,62,1292,456,116,455,42,109,3263,60,373,1883,14,66,228,42,2266,32,989,144,602,189,59,183,20,428,171,225,988,444,402
CTRL_088,135,123,1489,1536,118,153,32,531,287,1168,18,242,497,610,84,53,494,635,11,171,159,25,23,357,34,96,5,175,9,548,84,69,23,31,824,4,983
CTRL_089,869,72,73,2515,51,34,650,193,36,122,17,2247,1860,608,220,2478,168,52,90,558,9,15,43,178,33,521,3096,79,27,9,224,508,129,54,58,34,619
CTRL_090,1097,25,1728,303,770,15,11,55,151,629,109,193,56,911,19,1160,64,1415,70,14,10,8,25,121,32,48,76,2,103,11,18,6,3,5,28,1358,52
CTRL_091,584,576,334,182,30,1080,1398,10,27,51,16,822,128,5034,590,239,597,1071,18,8,34,68,25,18,36,82,91,801,12,134,1058,2191,32,91,247,173,141
CTRL_092,922,10,795,266,130,2735,48,63,1989,26,31,362,1264,357,20,92,67,225,81,50,3,99,32,1237,228,468,214,366,185,63,3483,348,137,8,20,218,218
CTRL_093,217,450,2890,602,37,136,41,66,70,44,12,380,181,5,2215,913,94,263,9,305,486,28,95,232,19,57,137,30,67,65,132,110,14,19,21,581,10
CTRL_094,1143,1143,91,3,49,65,13,25,473,96,8,22,112,90,111,42,145,1707,63,12,12,6,53,34,59,49,25,4,64,30,132,22,153,7,611,6,149
CTRL_095,807,98,459,1106,7,261,3,24,992,31,11,280,5836,17,23,1313,1739,179,7,434,258,48,6,138,81,132,703,158,16,412,186,217,395,9,96,57,16
CTRL_096,747,11178,21,195,401,170,96,17,156,27,3,2177,1368,264,155,805,196,815,27,160,48,27,3,244,35,38,33,11,1601,428,1954,17,62,8,42,37,927
CTRL_097,281,1576,696,5467,22,887,595,28,490,130,47,137,139,4599,120,568,50,82,198,4,18,23,25,135,208,258,304,14,58,376,494,14,98,3,128,2013,46
CTRL_098,359,2428,81,211,945,148,203,727,509,279,96,1722,755,1168,141,347,90,549,33,13,110,69,153,224,499,499,478,40,253,277,337,12,177,2555,170,120,692
CTRL_099,393,973,27,314,206,65,100,238,210,9,107,206,218,150,50,523,70,26,13,18,95,26,3,2925,90,302,46,59,146,202,322,172,20,11,99,271,66
CTRL_100,358,444,14,11,24,39,9,119,36,14,1,11,93,2,81,25,2347,1018,6,4,22,39,0,2,8,36,36,40,3,0,77,5,1,10,60,20,15
CTRL_101,566,304,66,116,522,345,219,39,134,6,121,4650,70,166,274,1590,118,134,4,45,823,46,30,395,170,45,498,108,129,26,1268,359,40,288,86,68,87
CTRL_102,150,2503,84,143,35,494,355,252,102,58,458,737,2169,277,564,4319,1266,503,228,71,121,50,63,857,109,86,57,21,58,323,148,735,230,11,1095,1610,158
CTRL_103,1477,179,574,62,24,149,169,104,38,78,159,684,823,171,1034,61,505,2145,143,34,26,155,5,75,115,928,310,23,94,50,88,646,15,780,639,1091,152
CTRL_104,1023,123,370,1120,2754,83,185,227,44,481,61,853,521,223,305,363,233,228,175,710,102,226,8,560,66,32,100,744,848,256,43,192,235,161,23,105,410
CTRL_105,501,8,115,128,276,194,131,17,4,23,128,1479,497,230,98,42,61,1223,6,126,10,67,1,191,21,7,71,108,13,4,60,42,62,89,53,918,115
CTRL_106,202,25,139,91,447,195,15,93,205,464,152,846,277,301,461,20,63,56,50,102,9,1,8,419,170,119,49,6,120,15,2016,146,18,14,70,68,557
CTRL_107,300,60,1995,110,241,31,94,79,4,648,188,118,38,201,64,148,94,235,156,28,4,69,102,6788,12,65,3,56,19,494,23,4,15,1,162,4,86
CTRL_108,24,201,2656,321,46,130,109,188,16,166,1,160,171,564,110,24,34,288,35,11,15,51,9,137,2220,12,7,145,30,40,42,61,499,134,356,17,31
CTRL_109,10,119,1189,467,133,154,47,151,364,9,103,1671,222,725,6410,171,275,91,58,54,45,5,30,1404,233,392,81,162,134,19,230,25,26,66,189,28,793
CTRL_110,804,97,26,131,69,132,53,5,51,39,117,121,2945,13,553,103,374,202,158,12,5,117,14,175,497,17,185,18,53,58,13,24,293,125,81,147,85
CTRL_111,4571,373,578,1513,82,1888,20,1489,99,81,6,322,124,156,138,1017,285,526,13,11,566,11,309,173,168,612,902,65,71,91,317,477,84,163,1658,337,376
CTRL_112,183,28,1612,596,265,670,344,1650,422,90,817,1004,2489,419,151,670,485,1499,93,7,56,207,45,386,1489,113,39,136,138,57,346,610,185,235,4741,274,804
CTRL_113,332,150,183,154,399,5656,61,84,152,197,131,3638,18,13,83,1225,24,5,134,53,10,8,8,281,69,271,3,23,25,68,92,414,6,72,362,2636,123
CTRL_114,1056,39,14,973,237,1086,24,309,2243,201,132,603,58,2386,70,528,23,64,445,23,342,27,2,831,72,357,154,9,150,2097,386,124,369,90,220,42,331
CTRL_115,3231,170,3404,296,78,953,124,488,123,116,202,1013,36,84,681,245,113,57,15,2,44,15,9,245,309,2842,20,427,526,37,291,80,120,627,433,446,148
CTRL_116,145,624,3826,61,94,429,71,85,156,28,39,2751,144,66,117,1253,273,302,109,6,154,88,29,1681,58,1121,319,80,200,144,1843,51,49,493,123,1178,4437
CTRL_117,401,1319,85,899,331,424,70,15,348,7,60,2335,716,5740,722,110,227,329,7,10,21,2,33,177,17,248,426,107,79,233,527,216,27,104,917,88,4718
CTRL_118,304,479,151,385,20,92,34,170,624,261,3,9834,746,114,193,316,78,418,24,20,16,4,35,512,319,400,222,33,365,14,52,33,352,237,307,822,66
CTRL_119,1719,640,2111,399,219,700,880,92,237,40,4,1242,1925,812,17,251,15,3591,21,340,265,13,10,613,79,244,119,10,8,209,139,97,342,546,176,189,756
CTRL_120,98,648,869,756,16,70,47,168,315,890,44,291,2554,530,947,383,40,51,7,92,231,389,95,1189,71,26,480,131,136,163,298,792,492,141,525,390,122
CTRL_121,3636,129,3369,105,669,120,669,267,33,379,75,3848,982,1170,81,215,206,2092,1173,23,380,3,11,117,46,27,500,104,381,479,528,633,140,24,1355,160,121
CTRL_122,621,160,271,573,461,70,98,796,390,2425,554,3513,89,1237,181,143,313,1495,143,13,150,14,48,185,143,466,41,1348,11,50,386,361,85,73,346,166,1991
CTRL_123,2083,1576,102,256,150,49,260,67,394,24,952,163,680,1039,71,825,36,2456,58,16,28,89,13,80,115,25,1828,32,366,125,47,128,236,49,835,776,828
CTRL_124,241,73,119,268,350,7,111,127,76,465,110,2549,263,908,1105,1118,31,161,25,50,80,6,22,10,843,45,110,33,405,1,129,79,30,514,32,390,268
CTRL_125,2335,113,87,823,258,14,46,152,315,26,1,738,56,13,2,485,149,146,248,54,256,3,17,15,71,56,213,47,170,154,2356,51,13,56,32,918,95
CTRL_126,300,247,1107,236,96,2122,49,155,404,11,173,134,1631,92,427,1212,689,471,43,16,346,11,7,598,53,35,20,37,105,135,725,277,62,50,331,1137,281
CTRL_127,202,70,31,439,311,272,79,620,48,247,49,148,693,368,157,169,115,5508,181,59,30,71,36,143,62,69,1,58,35,522,115,15,44,9,184,169,529
CTRL_128,346,794,95,1243,770,653,257,416,2420,117,170,204,242,641,1201,285,234,296,44,88,9,280,18,1023,43,534,596,199,46,215,58,147,541,320,262,77,920
CTRL_129,348,9,619,145,648,23,1,111,124,5,11,14246,172,502,33,7,83,117,17,16,33,12,3,238,5,4,212,77,56,7,36,47,4,12,206,721,67
CTRL_130,1029,18,549,51,195,78,554,23,210,40,38,245,85,187,80,194,125,545,116,5,80,3,36,302,6,81,41,14,420,21,33,79,114,29,446,217,6
CTRL_131,158,109,396,4,4173,217,100,385,2152,187,167,353,211,91,25,49,16,149,3,24,21,18,7,8738,543,12,102,16,14,7,175,25,157,133,554,29,229
CTRL_132,585,90,50,1022,118,183,19,10,27,34,7,212,18,27,151,219,43,29,5,8,40,39,5,17,86,15,26,172,137,44,12,65,131,14,391,426,882
CTRL_133,877,940,2530,475,101,95,195,21,114,442,4,4356,2140,160,299,223,995,1132,7,72,29,29,9,2350,600,41,20,37,187,116,955,346,272,90,20,126,897
CTRL_134,589,924,247,66,189,303,62,101,42,505,56,4298,4183,301,38,13,25,46,387,41,73,1,5,779,231,103,310,694,83,101,239,3603,4,165,132,404,90
CTRL_135,278,582,14201,410,32,51,39,5,46,138,7,1148,458,57,60,1084,258,151,19,18,10,1,231,131,127,55,24,25,6,1042,15,14,20,181,74,15,612
CTRL_136,1009,557,604,4605,2748,43,861,138,178,6,38,103,899,867,5,137,543,140,89,33,39,11,3,27,239,75,66,22,42,227,66,11,126,27,93,995,125
CTRL_137,1398,129,419,973,38,384,263,220,974,248,985,206,877,560,51,1383,7516,455,168,58,23,3,15,47,2477,159,128,360,34,46,296,787,230,132,254,472,440
CTRL_138,129,419,74,271,99,5927,126,17,110,188,756,212,46,911,19,115,118,247,127,12,25,24,30,222,245,355,210,114,11,84,308,302,25,22,60,333,823
CTRL_139,430,1957,552,284,201,673,293,4087,56,262,48,200,582,491,11051,228,49,557,4,37,52,103,132,134,150,52,35,130,23,61,55,328,1157,12,14,184,276
CTRL_140,501,143,170,274,563,7,54,111,25,694,20,309,625,86,7,79,485,115,10,75,15,8,20,386,2531,235,416,20,16,58,124,16,35,65,149,216,197
CTRL_141,215,154,50,2368,159,99,29,5931,24,40,105,902,1302,2934,217,39,95,337,704,3,157,25,63,135,33,251,243,190,76,27,14,276,97,11,50,66,20
CTRL_142,66,31,71,33,8,1100,294,16,75,62,147,59,748,52,8,223,395,3902,3,31,8,28,1,13,17,47,19,58,156,70,580,75,5,141,22,215,671
CTRL_143,2267,106,202,3387,336,416,846,705,432,149,103,3533,2019,445,1330,388,113,207,27,45,449,17,69,170,203,29,195,101,453,236,65,1091,196,158,289,167,577
CTRL_144,741,24,109,118,194,630,32,42,45,21,31,995,68,370,9,67,75,1985,23,1,2,18,40,229,118,387,40,148,7,15,9,52,44,45,101,30,104
CTRL_145,29,1156,95,53,780,13,12,11,53,72,89,7727,8,297,27,41,31,33,223,43,16,70,1,13,3,18,66,30,52,5,211,66,81,2,90,13,48
CTRL_146,1190,462,104,252,23,877,103,599,66,45,26,1706,162,740,81,14,79,54,52,6,137,22,20,501,531,109,43,5,38,34,189,69,180,24,127,853,323
CTRL_147,428,145,117,63,78,417,83,16,1352,121,9,223,423,2699,24,710,1027,97,28,6,23,20,52,761,40,6,100,78,117,43,160,777,97,28,56,106,1637
CTRL_148,299,272,120,800,2137,226,106,90,3,183,62,626,111,120,53,629,71,3569,63,4,22,7,1,1290,253,163,108,6,35,181,26,2,34,32,114,310,336
CTRL_149,929,2490,47,583,553,35,19,51,63,310,36,173,214,1651,161,196,172,1974,20,227,58,23,953,52,96,23,545,765,1191,518,142,78,8,1118,305,94,1476
CTRL_150,86,427,160,363,109,14,91,323,78,165,10,286,108,507,85,342,477,440,44,5,22,7,9,70,21,4,29,49,9,49,1381,280,408,58,419,35,48
CTRL_151,10,1767,2455,95,116,50,194,499,10,137,42,484,688,191,98,134,563,418,56,4,18,73,22,416,1348,398,118,25,2,53,85,161,46,30,9,36,322
CTRL_152,5015,286,439,765,52,236,39,339,137,115,20,1086,6537,59,69,244,425,104,1,169,88,2,9,1450,842,338,79,57,67,318,38,29,228,43,764,51,149
CTRL_153,56,150,16,46,10,169,137,4,325,1129,29,74,8323,17,52,103,420,170,9,3,8,2,10,33,6,238,23,4,29,33,5,65,6,225,104,34,26
CTRL_154,739,1457,505,281,330,114,129,10,818,217,39,10854,752,107,694,581,462,236,143,33,124,3,21,3391,71,73,102,17,7,89,299,159,85,91,876,189,136
CTRL_155,700,1686,4576,191,424,518,63,237,33,15,231,539,1071,539,65,379,57,3636,14,44,16,102,29,178,837,216,475,29,26,174,192,499,113,138,26,4215,293
CTRL_156,581,49,206,16,147,41,56,129,10,14,55,3672,140,267,46,1291,6,125,2,0,22,12,7,67,4096,31,99,10,59,23,36,559,139,27,2,38,3426
CTRL_157,274,1281,1741,229,41,4,241,27,118,11,35,353,429,42,494,64,11,162,35,26,170,12,14,29,292,98,47,3,508,10,48,125,9,5,5,300,63
CTRL_158,19767,59,55,66,164,53,189,19,12,4,2,141,167,72,457,712,64,13,13,8,9,5,6,68,33,88,121,10,346,12,10,112,13,51,3,666,299
CTRL_159,30,22,1539,38,27,3,36,39,161,6,4,405,771,14,269,99,348,110,1,11,71,3,6,67,1,503,15,55,38,204,124,35,8,74,4,173,18
CTRL_160,1812,284,473,156,10,29,197,88,401,92,11,92,282,7,799,227,544,17,159,397,3,41,14,13,153,202,30,178,5,6,110,65,14,97,161,301,94
CTRL_161,1141,190,5320,70,3326,160,17,741,143,269,363,700,167,1026,120,499,7,459,18,276,78,31,43,43,1165,1595,189,506,39,23,150,181,35,104,184,35,361
CTRL_162,910,250,834,22,186,16,14,25,18,21,27,780,135,16,328,33,78,254,32,70,35,4,255,127,54,210,86,53,1583,27,50,64,149,3,4,35,10
CTRL_163,241,638,77,26,171,455,10,306,336,277,321,8483,207,272,60,171,1164,33,12,167,122,12,64,251,873,97,409,1963,180,68,347,52,1513,56,73,39,723
CTRL_164,634,68,258,10,87,110,502,14,8,9,4,1087,1280,157,254,88,51,59,11,1,18,8,24,76,37,11,46,59,7,31,75,14,10,26,9,89,19
CTRL_165,1006,4332,42,213,29,304,9,99,16,28,7,639,55,263,34,75,87,39,27,108,5,52,82,26,7,69,23,346,42,11,13,209,12,24,212,33,76
CTRL_166,713,1372,1020,238,284,135,23,233,2522,35,33,192,1565,729,143,78,258,41,79,137,8,4,296,110,875,118,129,150,38,127,124,23,143,50,143,39,2408
CTRL_167,763,623,89,9,1225,64,19,89,280,36,179,906,39,46,209,2,56,15,10,8,9,5,2,1968,747,9,455,14,48,30,26,177,33,11,9,18,8
CTRL_168,240,32,99,713,449,70,51,728,119,25,4,364,586,52,87,55,57,4,15,51,6,11,4,139,43,13,338,96,18,68,145,116,3,96,26,41,3367
CTRL_169,442,122,8,902,16,22,45,468,209,39,60,111,274,171,275,437,180,87,73,14,4,7,15,369,55,11,70,38,67,152,349,25,15,7,188,637,66
CTRL_170,440,3473,765,505,41,496,41,28,93,45,60,73,1837,1595,10,944,62,1024,50,36,32,150,5,514,705,336,3552,33,419,77,1002,122,44,384,76,25,106
CTRL_171,1401,2987,421,1658,31,99,96,112,162,258,42,636,430,86,123,187,145,308,58,18,233,5,10,10265,34,18,366,4,75,1716,20,7,9,207,695,83,545
CTRL_172,3505,4414,217,9,56,86,85,86,586,497,52,2071,642,292,435,215,2777,33,22,23,62,131,22,24,398,288,7,55,10,29,41,311,72,8,419,19,283
CTRL_173,323,437,1250,932,2334,280,379,122,319,311,117,72,1249,897,95,65,2481,1005,65,11,21,278,54,166,504,65,1835,746,93,61,7,25,19,122,156,44,242
CTRL_174,3342,2491,70,612,84,1811,1207,104,138,144,9,2343,874,3417,87,269,62,202,28,369,41,87,43,99,318,762,67,568,89,121,1000,130,212,106,483,17,45
CTRL_175,1559,2030,112,208,353,540,9,42,101,294,2899,425,71,616,1022,298,58,1258,148,9,75,118,153,213,97,734,27,135,17,422,132,777,160,12,1182,1668,805
CTRL_176,359,490,780,173,3960,397,6,372,156,156,83,2866,3885,826,158,382,333,169,208,110,600,269,18,1168,67,552,112,28,274,4,26,163,143,62,28,96,641
CTRL_177,686,214,937,235,38,64,10,58,352,132,288,177,1555,124,582,115,254,1197,21,23,123,11,2,2169,38,76,340,14,13,63,7,41,52,21,9,817,125
CTRL_178,1317,89,32,115,47,11,340,17,3,190,12,67,12,1084,7,75,198,160,15,1,4,10,3,84,113,137,7,427,92,26,236,974,3,13,2,67,105
CTRL_179,532,162,19,422,1534,76,255,14,261,54,26,172,252,512,22,125,165,60,618,9,15,6,310,434,37,529,165,90,62,28,261,52,874,10,1181,139,304
CD_000,906,99,736,4,46,31,16,60,452,470,264,160,610,224,884,484,131,62,138,52,89,128,307,105,77,100,37,38,5,17,170,21,27,193,143,21,608
CD_001,1736,62,88,1054,130,6,17,73,66,125,250,4007,307,1072,2235,1541,237,18,834,622,156,1281,477,317,437,165,3,87,425,18,81,17,580,1341,25,147,74
CD_002,790,576,809,295,9042,32,10,56,35,26,55,133,113,460,139,150,519,89,282,223,11,4,217,266,1602,120,281,124,113,536,5,119,885,176,823,46,170
CD_003,654,24,95,75,876,846,327,571,462,2087,421,977,554,1084,292,1414,57,104,1995,220,161,674,107,188,1179,1554,1503,205,776,26,55,5,865,66,128,58,880
CD_004,167,38,408,21,39,6,13,105,17,22,188,191,5927,2457,71,356,359,95,43,111,109,48,210,40,15,95,129,27,230,4,39,39,15,46,949,29,4600
CD_005,410,214,337,4268,25,19,26,67,19,143,1588,397,190,62,661,40,1311,2592,389,88,460,321,29,43,9,114,151,16,26,5,20,96,11,52,6,96,112
CD_006,58,104,160,28,9,800,22,40,614,13900,19,433,76,50,49,19,67,16,735,69,141,26,38,96,8,28,13,22,2,162,19,163,95,9,9,1919,988
CD_007,466,589,156,495,79,11,26,145,93,276,72,235,2071,459,405,962,424,2868,312,107,38,83,751,1201,498,11,591,18,380,45,405,15,334,22,47,40,22
CD_008,121,1120,3442,67,224,59,71,19,130,140,31,137,126,224,20,57,684,420,855,44,81,134,376,3,4,191,19,20,4,8,5,395,14,35,59,136,212
CD_009,989,77,113,359,47,87,128,191,17,372,106,855,841,1392,1235,837,738,257,281,299,300,44,155,84,18,387,63,1893,5,16,72,216,51,121,11,15,184
CD_010,52,140,549,49,1473,777,13,27,13,73,683,283,861,28,904,93,158,239,72,28,664,191,609,221,114,9,64,165,1199,143,936,162,17,147,119,31,109
CD_011,281,2998,16,1127,45,22,652,302,2027,716,4471,1184,388,404,1806,73,67,189,24,182,13,126,504,77,1047,14,530,472,8,2595,107,22,7,98,77,144,132
CD_012,996,201,21,185,7,269,35,149,2411,68,1209,323,6158,164,107,621,99,98,257,154,1314,9,170,394,144,742,99,155,209,73,74,169,22,62,48,910,2
CD_013,1175,599,50,579,584,617,5,1322,224,1099,1271,286,2195,263,31,2002,101,159,470,396,305,453,41,96,153,2782,154,1509,158,53,149,107,210,1646,273,1187,93
CD_014,201,110,434,121,443,39,127,271,19,4356,161,30,577,251,270,831,454,424,824,124,2108,14,175,157,299,32,8,219,118,450,19,362,1317,75,14,68,195
CD_015,459,77,1429,24,8,392,3,45,15286,127,29,278,250,174,445,28,983,228,704,35,617,45,123,23,14,158,30,31,19,86,27,35,28,5,6,111,40
CD_016,1141,849,553,1844,103,258,38,2325,3897,164,298,2516,272,69,746,168,149,63,29,145,451,59,776,39,16,68,62,373,20,274,1269,49,199,21,286,375,464
CD_017,275,4,89,65,32,133,52,26,60,64,901,161,176,99,382,308,2,914,2567,26,35,47,39,154,5,17,647,37,356,72,7,137,32,53,97,182,404
CD_018,1366,393,30,75,7185,290,2413,535,344,249,166,33,347,953,96,270,384,57,171,25,41,13,30,766,19,91,35,669,366,137,125,38,7,1418,22,222,617
CD_019,138,1087,683,1879,69,20,49,117,305,108,14,840,6139,384,596,388,233,863,640,78,48,66,187,77,125,161,258,887,75,8,58,64,3,748,90,171,1086
CD_020,121,553,196,126,44,1208,58,226,20,952,853,485,275,342,6101,14,390,64,349,83,79,90,24,496,6,180,50,28,87,5,96,8,75,29,38,148,53
CD_021,213,23,434,1515,5107,105,232,6,1764,425,78,1882,208,81,379,30,428,41,65,26,326,30,14,39,59,13,12,2166,15,23,43,26,73,309,37,14,732
CD_022,336,3654,13,280,2503,94,93,168,164,154,159,230,2764,488,460,688,118,101,202,154,43,59,75,3006,2,86,1147,223,245,69,47,3,68,46,31,64,2355
CD_023,12274,485,172,45,363,2055,100,4,1010,1047,31,783,1027,255,118,1015,107,41,29,990,491,149,91,81,25,67,6,74,61,155,125,258,373,662,200,144,57
CD_024,1236,3889,551,3568,23,35,484,183,2575,267,87,470,66,60,1445,860,324,31,324,32,1113,60,38,183,48,1011,42,30,5,65,62,12,309,397,103,987,591
CD_025,156,97,1206,477,278,60,385,49,399,2327,130,79,146,1323,595,238,107,757,184,303,87,44,81,117,123,198,1,78,63,631,34,124,533,28,209,53,130
CD_026,57,54,6211,320,367,141,6,89,741,33,455,684,3045,66,32,62,586,11,12,80,47,56,266,33,3,894,12,20,184,16,50,69,107,39,363,3,273
CD_027,69,1287,212,48,251,312,183,15,106,138,140,921,17,238,126,40,35,129,2,33,32,146,29,66,516,259,211,54,106,25,53,79,13,642,44,177,914
CD_028,1509,42,516,651,552,30,47,414,114,146,2156,481,166,69,479,32,112,442,2683,363,64,577,94,25,75,770,120,177,783,7,18,7,80,160,755,167,108
CD_029,262,260,20,6461,241,140,206,204,201,67,404,648,108,1272,333,420,816,210,498,325,46,88,125,27,1790,11,11,805,158,10,190,408,33,3537,6,230,714
CD_030,708,129,105,210,283,189,291,14,138,34,79,1217,305,5213,225,128,105,65,229,394,117,21,22,43,60,312,8,64,55,2,20,16,9,95,40,31,197
CD_031,3464,2601,16,387,108,154,59,106,358,86,59,239,555,479,866,90,205,929,1940,114,111,126,25,95,235,220,57,206,22,129,87,42,25,101,41,260,95
CD_032,2342,1654,56,154,45,64,1385,47,389,334,41,110,60,49,4,312,1986,241,42,41,65,19,336,313,13,201,569,1766,3090,11,4085,31,15,142,27,147,21
CD_033,451,3221,453,427,545,1299,21,413,404,496,1854,171,197,28,247,2347,237,75,391,31,64,338,49,1198,152,205,114,910,420,157,433,94,180,140,155,143,177
CD_034,127,540,1618,950,25,807,71,222,87,252,343,60,1003,1457,220,1288,113,848,18,3925,1317,69,8,199,12,179,158,43,354,160,405,67,6,464,56,16,1175
CD_035,3674,155,3107,123,51,32,641,19,508,55,68,1188,147,74,802,1051,213,60,116,87,149,15,214,88,5,15,26,86,608,42,19,53,16,109,107,352,100
CD_036,3253,987,95,4019,230,41,1106,1737,292,101,172,1288,2529,486,319,1543,94,1080,268,240,137,94,77,862,31,34,1703,630,3,23,8,17,1,96,16,119,18
CD_037,452,190,2566,1615,538,102,2164,13,53,223,6304,438,402,36,1279,884,540,130,183,26,222,28,31,89,54,55,206,220,60,81,31,93,66,17,397,39,244
CD_038,1156,699,185,76,379,233,32,21,12,175,134,1605,482,977,72,644,48,523,36,126,7,48,168,44,14,214,52,56,53,1412,354,231,56,102,2,29,62
CD_039,73,168,49,529,1406,1894,599,75,63,53,113,418,1036,162,1365,420,453,3859,235,723,482,196,1389,1377,71,225,397,335,507,232,4069,24,113,100,573,35,871
CD_040,183,134,45,128,898,171,355,1315,598,126,567,298,281,35,1367,149,254,81,996,61,177,471,536,172,10,8441,1360,595,34,59,64,519,85,52,56,709,2217
CD_041,3286,943,211,2,261,154,157,120,56,525,625,1452,1876,601,184,202,195,350,1912,381,3465,2642,173,1,583,52,34,108,46,142,14,17,83,329,232,43,52
CD_042,52,125,656,3,34,7,3,118,211,123,255,78,74,1499,63,171,47,6,7,19,226,99,152,11,270,8,38,51,18,107,12,3,14,21,2915,91,32
CD_043,120,32,97,343,1722,1010,241,97,714,158,3882,582,600,16,337,979,52,143,1947,27,1129,78,122,44,238,4750,418,77,572,52,1119,325,1,46,482,216,67
CD_044,60,8,100,1779,199,1245,166,176,2145,153,74,889,1430,49,45,102,206,345,24,843,29,31,16,2535,54,13,130,208,25,73,14,15,1,8,445,481,85
CD_045,2633,173,142,154,96,76,424,92,650,677,295,95,50,211,171,168,112,7432,49,6,200,47,160,233,413,9,31,229,168,861,304,47,10,41,27,214,196
CD_046,124,362,2097,717,778,540,2564,317,429,136,746,37,786,394,99,124,1090,848,1112,485,439,1399,375,41,2062,383,92,67,305,104,2224,97,33,983,705,333,1085
CD_047,156,193,653,219,58,437,2,840,14,43,103,193,867,25,200,42,110,117,229,30,39,76,246,28,13,112,42,257,10,2,24,11,20,24,113,37,108
CD_048,150,133,90,137,18,341,29,6,146,23,204,3833,52,128,9,131,15,39,31,134,241,39,14,446,11,2,61,13,107,11,87,171,3,19,26,345,26
CD_049,73,278,59,116,9,1499,9,31,151,1529,18,3920,628,202,36,217,27,774,53,58,38,13,191,143,245,4,200,2754,20,373,36,5,15,260,13,24,207
CD_050,525,1000,567,568,127,289,48,917,201,1579,251,1001,337,84,38,69,148,547,2628,112,74,22,409,1449,820,408,341,2751,185,201,104,16,27,183,139,2584,312
CD_051,1603,141,155,27,48,257,104,333,370,117,4151,390,2020,117,702,652,183,9,386,689,315,179,11,45,146,158,449,123,121,49,24,3,75,140,32,11,396
CD_052,98,261,1501,4,24,42,363,4,1992,107,83,155,99,410,27,133,37,38,6480,102,164,217,8,660,1,14,20,157,43,17,43,7,2,140,92,435,25
CD_053,993,214,1551,875,225,94,482,269,135,37,168,4538,2416,53,62,1296,34,597,194,1449,63,581,195,214,6,5,74,260,17,13,257,166,41,399,18,76,2017
CD_054,396,363,7072,28,488,1481,76,347,85,86,412,1592,2230,2162,277,1107,99,991,589,269,319,12,30,166,9,333,325,278,17,387,1942,89,98,170,185,102,183
CD_055,899,5700,28,122,22,940,37,10,577,1810,427,487,578,1223,63,125,60,38,195,477,273,194,124,211,22,47,88,182,88,32,46,4209,120,160,45,45,112
CD_056,300,12,17,45,118,57,526,7,65,1041,160,993,4538,50,146,79,6,100,836,170,232,37,32,471,26,87,67,754,173,5,12,90,24,37,202,86,114
CD_057,1606,269,3767,99,601,1605,26,96,2489,1695,283,278,2648,1884,89,58,328,1012,433,558,97,9,119,236,98,31,11,128,421,487,884,34,14,384,321,315,17
CD_058,56,152,288,304,102,119,70,141,271,128,86,303,475,181,269,708,121,59,788,11,20,93,154,13,29,23,25,343,112,28,27,6,182,152,17,171,90
CD_059,636,1476,262,326,501,189,808,3759,309,57,38,1112,484,848,966,58,33,1118,1404,209,46,572,2256,561,77,292,37,2043,237,12,194,364,79,230,42,700,204
CD_060,24,249,1523,160,2511,362,266,120,421,213,217,1506,172,73,87,5023,463,591,138,475,206,208,51,248,73,49,370,28,243,201,45,31,48,262,98,303,3121
CD_061,71,11,355,842,111,13,40,9,330,13,63,51,221,57,155,86,16,269,164,14,1617,87,46,416,504,34,62,18,26,17,58,46,42,71,6,13,36
CD_062,227,1240,51,114,569,89,214,80,451,152,572,56,261,340,601,1575,87,2081,164,866,518,29,207,126,216,71,58,1121,65,167,77,695,17,51,697,60,1692
CD_063,894,174,16,139,131,526,790,28,735,466,768,745,22,138,43,112,449,306,1564,166,20,2,126,76,17,7,24,95,145,52,758,12,117,97,166,46,613
CD_064,1100,237,556,289,641,56,233,366,711,2984,1433,1040,1270,734,1081,33,212,71,5324,267,271,794,526,60,176,131,17,135,125,96,28,730,84,273,312,80,735
CD_065,192,77,557,1438,393,467,52,10,2411,3542,1854,290,82,48,26,159,1350,205,599,880,89,1725,2086,107,38,246,53,31,429,274,124,11,8,133,39,66,715
CD_066,925,1926,64,114,426,248,944,172,4111,439,977,304,436,791,2676,531,131,1772,19,18,421,105,309,145,196,31,196,652,407,864,145,97,5,56,62,481,75
CD_067,1300,359,259,336,110,94,13,87,203,129,510,1549,761,1146,806,163,99,514,1164,1207,1105,62,148,436,507,459,104,36,23,97,214,18,61,367,21,668,134
CD_068,1687,116,54,85,113,67,71,134,213,164,18,725,330,1842,66,13,306,366,86,14,1220,653,4,61,795,43,39,95,13,4,394,4,55,357,9,27,845
CD_069,526,89,1045,751,162,28,47,108,179,578,20,45,415,84,88,12,114,180,762,110,101,404,16,212,6,22,12,365,51,38,16,33,11,152,15,536,13
CD_070,46,1245,60,12,85,29,15,9,6339,62,6,1647,427,32,32,209,44,7,2102,31,559,262,14,239,15,3,21,120,16,14,217,33,6,134,45,1,137
CD_071,669,336,1048,84,275,17,228,1720,90,83,95,670,113,465,1069,472,14,1211,1756,495,319,164,656,2285,27,505,91,158,10,40,30,40,11,73,54,148,22
CD_072,23,243,44,434,106,162,417,33,72,366,236,193,1570,86,153,103,21,151,1500,129,89,43,110,198,109,32,73,166,9,34,3,68,58,176,24,89,680
CD_073,1826,204,238,664,14,64,545,285,395,19,157,160,517,54,51,8,620,112,384,101,28,13,25,37,112,24,776,519,174,33,654,37,32,114,165,205,69
CD_074,194,846,866,131,20,122,326,1480,71,140,158,3943,502,77,755,134,33,91,5665,280,233,90,246,242,164,139,368,207,23,27,8,1397,183,45,67,56,1891
CD_075,69,503,339,896,195,17,119,38,529,2350,30,239,301,198,1207,230,403,164,855,603,89,471,218,877,102,250,128,217,162,167,27,755,5,69,109,301,2457
CD_076,37,209,20,293,328,1869,199,628,1065,170,47,1070,80,2059,339,1552,114,571,826,189,134,272,55,37,766,403,147,2535,77,499,200,24,893,717,104,465,153
CD_077,773,7,45,530,76,130,12,930,1197,114,92,1478,5008,614,4277,38,34,36,549,124,96,234,544,11,28,221,34,39,224,6,49,77,14,258,27,580,108
CD_078,1117,1047,141,14,321,193,317,92,223,4518,37,1761,252,182,236,82,431,2378,1030,202,54,280,3573,102,69,57,59,5,171,21,14,251,13,97,831,20,27
CD_079,420,1215,25,283,289,6,293,284,174,1034,942,480,197,49,231,369,81,10,2078,150,83,297,973,2,141,11,154,168,156,22,7,31,68,424,14,404,62
CD_080,142,35,86,166,7,13,37,713,24,926,943,108,73,22,66,7,34,541,44,24,4,45,50,37,17,16,46,40,30,18,128,44,15,255,38,177,107
CD_081,16,1076,193,106,135,51,94,26,1140,109,80,81,385,178,298,28,10,383,2004,20,928,95,81,47,8,236,18,34,183,2,8,40,41,144,33,2363,80
CD_082,524,200,669,950,1733,36,171,391,1536,454,1030,337,8255,1935,93,93,74,1453,146,182,668,205,416,65,444,89,122,493,186,116,79,95,97,38,93,415,65
CD_083,3049,3016,82,2245,220,434,100,635,995,120,79,113,1013,897,1269,296,53,181,3705,123,361,42,387,127,697,515,80,247,62,13,57,159,127,264,97,743,352
CD_084,1312,35,2,405,30,146,107,1307,801,385,1055,1186,333,1465,88,445,25,507,785,2051,27,66,621,314,168,37,57,1370,101,129,130,19,242,353,3024,39,827
CD_085,53,352,1021,10,112,61,42,166,1499,173,297,567,432,49,1333,292,258,84,215,105,19,10,58,278,36,23,29,86,45,1079,455,281,229,29,15,24,1155
CD_086,161,51,148,138,224,197,36,262,132,173,605,204,201,529,88,117,336,4784,989,269,356,24,163,133,145,118,157,110,84,10,69,486,72,120,1205,17,39
CD_087,3421,280,172,32,259,267,22,74,181,277,43,2592,1445,125,194,148,46,130,260,1190,572,358,209,26,78,350,14,371,1785,214,701,84,161,40,232,259,249
CD_088,1236,78,117,124,21,108,6,245,195,59,41,204,662,281,62,35,218,55,260,93,148,203,13,5,24,705,886,1243,33,3,2,17,20,430,161,90,30
CD_089,49,225,386,180,20,186,113,12,58,305,90,2497,486,63,156,118,30,41,610,244,213,485,35,779,14,13,4,49,21,61,82,7,14,40,4,16,34
CD_090,2370,352,626,22,753,788,6,34,595,488,82,300,178,248,1437,63,575,83,119,401,566,326,20,66,269,98,19,296,26,611,862,148,286,124,227,840,240
CD_091,139,15,138,350,333,161,31,4,93,81,86,684,4136,158,124,80,105,49,288,150,131,118,146,7,129,22,11,21,81,23,6,78,4,86,68,229,1286
CD_092,35,185,124,240,141,57,42,14,875,278,567,220,121,35,328,32,1391,29,422,844,266,94,24,14,184,560,34,23,2,9,62,441,80,128,33,35,898
CD_093,783,26,179,99,122,520,170,153,3472,139,5361,334,864,266,594,637,482,160,150,7869,147,490,25,160,132,331,3,365,26,145,43,36,54,48,74,37,24
CD_094,1920,64,280,736,87,58,211,638,84,233,27,385,624,93,206,37,229,1575,121,77,456,784,23,146,183,116,4,455,861,85,34,45,734,587,277,254,98
CD_095,108,108,240,656,304,8,65,116,317,37,5633,35,40,132,2337,26,44,502,170,36,154,65,242,349,59,62,51,139,34,22,237,239,2,52,13,31,134
CD_096,1456,412,30,82,890,5,1003,342,3362,269,21,1505,4380,1388,191,372,120,141,2656,43,80,38,28,280,774,127,18,904,1343,36,91,235,737,98,22,460,931
CD_097,475,182,1474,548,71,202,24,355,304,159,300,720,2125,718,319,793,367,202,483,153,467,88,109,2965,468,47,279,272,181,89,775,153,58,720,160,186,390
CD_098,315,307,123,70,39,20,35,81,387,153,9,4695,2116,446,4375,53,2239,72,612,24,179,192,116,390,110,50,43,546,32,201,618,7,234,2282,125,277,817
CD_099,224,359,41,222,294,271,487,32,146,2908,178,629,386,69,2697,91,30,136,24,53,41,243,51,456,622,284,65,196,9,42,31,174,1609,236,5,66,208
CD_100,405,109,393,35,42,354,29,220,49,2637,81,378,733,108,370,463,611,844,344,117,4695,421,39,165,60,86,17,98,1006,125,3,394,220,77,239,36,99
CD_101,2538,180,18,158,124,667,106,50,1255,229,73,2266,526,208,337,40,66,243,290,740,206,321,126,547,145,92,82,40,141,46,48,293,7,61,321,161,155
CD_102,293,224,19,70,880,33,44,28,170,57,271,392,784,32,108,87,173,53,907,434,25,32,39,3284,30,623,9,25,18,10,44,15,9,371,279,259,229
CD_103,518,192,93,420,39,45,762,1881,736,1332,215,101,1381,673,425,187,778,89,188,44,250,31,70,68,84,16,137,1275,122,612,916,270,67,167,324,88,17
CD_104,858,75,87,239,168,24,181,481,83,1592,32,12061,312,352,26,228,264,297,239,46,1025,140,1490,82,63,390,12,39,445,13,11,1179,8,198,116,3,158
CD_105,186,138,274,32,120,15,5,5,12,254,8,210,88,57,566,31,104,81,98,994,6,188,100,20,259,2,13,9,39,3,57,15,7,61,17,7,2674
CD_106,257,19,122,48,719,319,297,88,321,188,303,2368,1050,684,865,1015,339,654,3287,80,75,30,263,15,259,126,665,97,85,381,1098,39,88,273,210,118,1633
CD_107,28,182,566,409,1148,832,87,693,133,890,3268,3076,581,163,39,347,36,100,90,82,183,177,67,695,77,37,142,2969,138,36,14,57,72,80,9,39,1588
CD_108,2881,94,772,41,1228,218,487,10,933,238,850,2012,547,111,973,206,51,83,60,76,886,154,74,478,32,128,80,563,9,18,12,54,281,68,46,437,921
CD_109,219,545,43,946,2227,205,4,33,545,85,979,814,119,173,60,111,51,997,5851,13,8,55,12,106,188,579,87,92,3,40,85,121,12,48,8,3,28
CD_110,17,209,58,40,17,1,426,11,81,13,402,273,63,60,1369,81,53,32,13,49,119,224,3,13,18,44,34,64,61,7,178,57,13,517,334,190,1
CD_111,1694,477,2397,584,752,254,409,875,235,13,81,463,266,22,16,38,256,1320,819,327,81,5,39,52,25,58,92,300,28,2,29,40,137,30,93,93,105
CD_112,2796,254,264,415,138,619,93,301,616,639,266,683,1120,672,638,4780,84,540,103,512,78,160,181,450,93,95,1513,553,77,83,2366,109,39,104,86,110,68
CD_113,149,190,1276,233,238,1697,1464,139,277,133,1260,777,538,153,206,648,51,2244,415,232,54,219,181,267,1500,266,63,129,366,687,331,376,224,1858,11,608,1515
CD_114,94,150,145,123,139,344,685,803,177,117,2574,2185,886,791,496,737,170,693,90,93,116,113,67,116,20,381,145,27,42,152,89,46,73,352,20,441,106
CD_115,378,311,144,51,115,1508,19,1196,251,253,56,190,247,60,244,127,2297,59,547,219,42,315,89,5,260,23,24,496,53,218,656,31,157,48,2158,49,869
CD_116,569,230,53,79,4,96,95,61,3,18,41,380,338,92,359,24,182,264,362,54,1108,108,18,99,134,22,214,146,1,41,31,74,87,82,440,45,223
CD_117,1262,301,946,99,101,26,191,186,1989,770,183,114,966,1291,994,1078,135,166,178,151,179,170,137,136,37,442,121,157,32,10,794,178,6,423,364,162,2043
CD_118,316,27,302,183,45,208,8,270,64,37,133,617,378,55,97,28,76,817,283,311,875,32,72,1949,470,6,107,114,165,13,22,18,14,260,11,33,10
CD_119,628,768,75,56,129,483,91,17,15,20,113,89,260,47,29,17,607,414,2114,131,41,304,59,84,39,1,387,149,54,22,60,13,48,9,49,112,62
CD_120,828,104,99,381,566,14,341,67,351,47,100,2754,665,192,354,565,406,345,2783,767,430,166,495,306,580,502,32,53,41,301,17,171,109,893,155,25,69
CD_121,74,154,234,42,1352,24,852,589,1274,91,418,94,1791,233,185,40,5,71,2254,88,150,302,1946,993,27,7,2817,4549,112,10,465,67,44,483,152,25,131
CD_122,1023,699,455,832,109,208,1,62,1102,146,141,136,2129,582,1087,21,144,213,335,68,122,414,11,1952,213,110,385,26,36,53,853,76,102,63,196,1414,871
CD_123,87,212,170,110,206,183,27,69,53,17,45,127,12,217,2,2520,355,53,121,60,21,40,32,34,34,4,27,60,26,11,149,12,18,213,21,44,45
CD_124,1031,107,855,88,24,189,40,126,4,114,64,59,108,54,144,16,126,961,330,226,413,320,1000,36,18,158,131,264,571,29,103,9,483,40,29,37,39
CD_125,179,201,57,92,3377,556,605,745,6039,26,59,233,331,217,224,390,232,140,29,49,112,109,41,100,27,120,29,74,18,62,46,353,117,160,40,282,696
CD_126,314,2049,380,513,138,265,28,39,391,258,349,1732,45,44,299,54,12924,411,281,50,64,83,120,54,47,487,476,179,9,85,704,350,96,669,68,206,53
CD_127,842,3038,191,93,285,163,463,86,5787,57,2157,277,58,520,331,68,24,430,2680,507,296,340,215,30,20,122,119,900,359,203,118,16,133,415,5,58,113
CD_128,480,111,300,168,145,60,55,26,646,563,92,4936,337,2309,140,14,317,448,521,66,189,62,106,528,140,276,78,123,18,38,1,36,48,318,68,220,10
CD_129,119,10,18,55,342,87,44,36,44,37,156,27,381,50,345,286,6,44,48,4,15,1222,121,754,110,13,20,143,53,9,5,2570,14,29,37,31,82
CD_130,2897,339,73,212,111,1404,821,161,74,53,326,1106,365,163,176,267,8,80,243,1037,75,192,263,1177,747,127,66,92,76,41,323,172,146,991,1586,190,1189
CD_131,211,1531,1186,787,175,54,16,94,2755,139,691,1625,299,1453,5,36,43,85,675,207,293,247,37,25,160,41,10,657,541,475,140,166,313,50,399,169,662
CD_132,449,1795,368,24,1174,37,667,88,1676,1055,421,1019,806,14,345,42,195,54,81,1310,756,107,179,98,205,39,371,119,43,56,47,110,22,237,464,42,154
CD_133,173,42,135,110,183,16,8,17,22,124,12,3430,717,61,258,5,1378,31,94,3,88,6,42,17,5,8,33,7,7,36,1078,35,3,19,23,19,171
CD_134,184,409,68,483,48,14,955,3,45,35,3036,2464,1418,57,3428,132,237,136,155,38,50,99,91,52,300,1,74,182,150,19,57,108,146,32,48,475,4
CD_135,130,2249,1228,395,81,40,50,863,132,245,79,1608,207,199,27,21,154,42,7966,8,55,109,82,29,24,25,61,2571,85,279,216,325,1,79,521,51,2152
CD_136,1098,60,53,18,25,10,84,5,299,206,9,1739,364,262,40,190,296,93,2771,58,332,64,125,5,62,14,11,772,23,5,26,4,136,18,71,306,36
CD_137,406,39,4606,398,65,26,55,35,2772,22,155,272,211,110,138,378,201,270,3,117,9,148,608,21,36,24,290,108,482,54,84,42,81,6,53,58,284
CD_138,581,149,594,92,23,837,567,420,4373,185,68,990,599,155,571,186,26,317,188,418,148,1115,2856,783,23,1797,1831,379,1071,54,17,52,1135,33,185,264,197
CD_139,312,542,205,44,349,1043,654,54,94,243,3475,2070,2004,1345,883,397,652,210,98,639,1605,38,734,2442,154,53,184,131,54,166,19,15,80,200,230,2672,358
CD_140,498,46,492,57,106,74,305,10,8,100,277,386,1560,265,83,5,69,707,152,90,190,16,206,854,45,13,52,5,77,63,701,33,51,23,32,8,88
CD_141,125,246,62,120,53,48,71,59,519,101,78,215,91,77,2779,31,58,87,166,48,138,5,327,186,9,2,13,67,1578,64,5,15,24,97,7,53,37
CD_142,59,333,631,495,273,55,249,122,309,73,91,440,10772,279,99,49,61,4501,192,391,79,123,333,49,30,809,291,406,184,81,1440,58,82,13,21,17,872
CD_143,20,336,8,121,156,1941,406,63,2899,445,491,187,225,147,629,450,2696,931,19,403,45,56,90,110,27,268,26,562,3556,17,146,4,61,611,468,259,1293
CD_144,8085,2125,86,17,58,24,144,13,193,460,133,88,1528,11,122,125,104,229,658,87,67,40,39,276,25,216,63,54,121,13,174,62,13,171,120,386,472
CD_145,344,30,4149,13,291,127,11,42,145,670,43,173,8,1309,33,158,67,117,657,719,120,135,110,288,24,225,219,385,15,21,75,5,215,60,63,26,14
CD_146,174,465,808,282,292,101,270,933,1014,783,407,71,121,510,337,433,1881,870,2884,185,64,116,52,1435,327,242,609,12,205,10,125,52,136,198,651,58,583
CD_147,495,34,85,178,831,302,26,94,6203,287,166,1133,1479,139,673,144,480,389,946,54,61,461,141,235,68,401,45,159,263,317,59,1225,81,33,162,77,386
CD_148,177,176,41,417,17,16,105,511,107,312,562,848,156,27,7,75,434,30,611,20,106,157,30,95,28,146,70,99,370,74,22,33,23,75,1573,105,6
CD_149,192,23,201,14,54,20,234,119,585,220,39,1216,7794,485,191,32,51,601,2251,236,614,344,333,65,140,36,112,319,956,10,250,652,158,468,228,842,48
CD_150,30,176,8,653,515,46,42,55,211,156,306,238,1013,261,76,786,14,143,993,31,158,140,25,76,45,28,1404,35,190,19,14,48,69,271,457,4320,159
CD_151,73,295,99,376,13,2040,205,5,64,361,641,45,648,8,138,507,38,17,278,32,219,17,25,4,63,43,9,119,173,21,84,54,5,1172,23,155,290
CD_152,78,187,104,7,26,16,17,4,428,555,248,810,75,26,27,135,58,66,709,67,14,11,98,163,55,389,249,86,7,2,17,54,163,60,119,22,121
CD_153,1073,18,148,711,221,25,4,59,286,61,276,994,1117,8,45,128,335,523,802,79,105,38,397,37,297,131,85,66,11,21,66,2,34,439,183,56,193
CD_154,142,322,2079,667,285,62,295,8,203,436,582,1142,603,157,555,47,42,262,482,10,286,284,111,3438,32,54,47,136,43,7,45,54,230,2401,491,35,62
CD_155,162,2074,125,17,44,233,177,44,491,5,156,973,81,42,13,1081,33,220,575,671,80,30,103,488,42,15,6,18,151,20,27,15,30,51,34,445,928
CD_156,16,203,40,60,104,45,70,113,215,38,42,29,59,1583,42,17,106,101,141,438,161,23,34,30,138,29,3,70,4,504,12,24,29,36,25,92,688
CD_157,1048,2394,64,310,198,234,819,76,189,470,20,371,382,66,1327,47,131,419,2908,141,649,297,170,31,13,120,45,633,226,43,22,146,11,44,22,98,982
CD_158,112,51,10,136,17,53,23,105,84,65,148,3107,503,66,96,31,13,40,47,112,12,227,129,46,30,15,44,253,9,2,94,35,3,14,8,14,38
CD_159,678,334,265,397,554,253,1663,580,99,1276,1533,774,157,664,823,118,57,678,869,220,429,65,214,831,161,27,136,108,318,239,30,570,28,3108,225,57,106
CD_160,178,53,74,580,18,48,266,46,11,138,14,1131,44,4653,720,21,50,244,400,81,308,29,26,27,97,53,44,163,1,26,46,226,2,344,30,72,609
CD_161,255,172,127,33,50,17,36,1,198,61,48,229,20,1155,85,55,13,94,991,198,188,78,28,6,23,24,135,88,247,97,19,2,108,277,4,321,106
CD_162,327,2117,1336,362,225,248,50,70,69,102,104,155,408,111,446,16,99,244,207,82,14,134,259,209,298,100,136,159,152,4,23,482,1,76,330,76,79
CD_163,226,97,153,40,395,553,52,8,84,91,255,66,83,257,592,46,13,14539,689,52,311,49,254,94,57,46,7,1388,11,4,43,10,23,175,185,196,65
CD_164,165,230,10,190,9,1070,29,34,49,40,2475,829,23,842,690,60,105,117,2975,20,92,26,8,1323,8,60,4,43,62,8,109,21,104,368,17,57,106
CD_165,653,236,278,108,143,675,226,212,704,138,286,87,2089,4,205,783,18,373,129,65,504,113,6,28,287,149,845,1414,38,1419,88,14,15,4,636,853,35
CD_166,397,527,111,26,181,139,106,216,3773,222,462,2183,1530,154,528,679,50,2492,4955,79,350,418,102,429,183,20,277,57,452,33,136,746,146,43,32,79,506
CD_167,580,91,53,289,121,2877,123,1286,64,24,49,2679,5287,78,156,39,12,746,586,142,24,1085,69,296,12,78,141,271,97,109,22,93,55,173,95,20,30
CD_168,19,1112,1039,759,286,8,33,154,473,191,469,616,640,114,1400,133,29,111,315,675,193,101,29,504,45,105,888,418,10,5,119,15,139,158,129,52,2561
CD_169,5537,59,132,66,32,13,8,6,170,31,2,279,126,455,147,8,2,29,53,155,50,157,6,160,76,2,176,58,40,5,192,4,44,116,6,554,76
CD_170,1105,44,6673,44,826,44,62,386,1740,46,1358,2760,153,2765,49,107,385,104,782,248,166,441,129,245,587,387,355,43,205,20,23,80,17,476,338,10,74
CD_171,61,208,692,186,92,1162,6,768,205,262,150,5892,108,319,831,28,58,297,166,60,141,363,116,852,31,24,1861,92,17,6,659,58,44,134,475,122,6679
CD_172,304,941,605,133,49,160,172,33,297,885,3047,1204,4408,70,569,948,32,99,3509,26,19,666,538,185,63,39,100,1125,78,815,22,49,20,20,50,151,280
CD_173,6108,473,1139,178,1363,3362,205,21,127,270,370,1124,718,197,101,296,1746,949,756,495,85,45,41,98,43,459,40,46,987,24,113,110,8,587,175,864,60
CD_174,177,138,174,11,80,8,85,2,11,302,48,56,1179,163,442,71,2922,52,2170,57,7,94,96,14,11,43,67,2,150,12,7,115,20,301,70,51,67
CD_175,425,102,51,282,79,91,331,53,206,58,264,510,984,64,96,379,137,47,1647,8,317,11,1213,10,289,56,35,137,116,9,21,107,3,34,3733,19,575
CD_176,55,217,245,340,42,815,18,50,166,16,56,228,89,2558,33,379,186,96,46,17,30,3,12,6,221,86,101,140,35,151,17,29,48,7,2349,44,82
CD_177,739,387,104,85,7,23,87,68,656,67,12,807,1224,298,85,317,6873,116,25,22,149,4,64,87,291,230,114,3,103,53,57,2,6,9,2,42,22
CD_178,6244,105,753,10,33,72,15,25,109,71,1416,388,399,225,315,81,45,155,977,306,55,144,48,66,22,35,276,88,42,3,32,23,7,58,21,59,100
CD_179,65,121,216,727,159,39,145,787,840,334,459,2705,1449,368,940,32,14,242,336,47,388,6,47,51,7,584,10,54,198,96,16,130,50,2325,107,68,40
